<?xml version="1.0" encoding="UTF-8"?>
<oplus-config>
	<oplus-feature name="oplus.typecotg.connection.menu.support"/>
	<oplus-feature name="oplus.software.support_fluid_entry"/>
	<oplus-feature name="oplus.software.pctelephone.support"/>
	<oplus-feature name="oplus.software.pcconnect.support"/>
	<oplus-feature name="oplus.software.audio.voice_wakeup_xbxb_support"/>
	<oplus-feature name="oplus.software.speechassist.oneshot.support"/>
	<oplus-feature name="oplus.software.radio.sido_elevator"/>
	<oplus-feature name="oplus.software.radio.sido_rat_enhance_lte_backoff_opt"/>
	<oplus-feature name="oplus.software.radio.sido_rat_enhance_nr_backoff_opt"/>
	<oplus-feature name="oplus.software.radio.sido_inter_cell_coop_dual_cell_strong_sig_opt"/>
	<oplus-feature name="oplus.software.radio.nwpower_proc_net_control_switch_enable"/>
	<oplus-feature name="oplus.software.radio.virtualmodem_support"/>
	<oplus-feature name="oplus.software.radio.qct_smart_data_flow"/>
	<oplus-feature name="oplus.software.radio.smart_commu"/>
	<oplus-feature name="oplus.software.radio.data_eval3"/>
	<oplus-feature name="oplus.software.view.rgbnormalize"/>
	<oplus-feature name="oplus.velocitytracker.strategy.support"/>
	<oplus-feature name="oplus.software.radio.sido_airplane_mode_low_power_opt"/>
	<oplus-feature name="oplus.software.radio.low_latency_mode_de3"/>
	<oplus-feature name="oplus.software.radio.smart5g_sa_enabled"/>
	<oplus-feature name="oplus.software.joystick.game_joystick_support"/>
	<oplus-feature name="oplus.software.radio.cybersense_residence_enabled"/>
	<oplus-feature name="oplus.software.radio.stream_identify"/>
	<oplus-feature name="oplus.software.radio.ul_priority_policy_one_vs_one"/>
	<oplus-feature name="oplus.software.radio.tcp_congest_control"/>
	<oplus-feature name="oplus.software.radio.tcp_syn_timeout_tuning"/>
	<oplus-feature name="oplus.software.fluid_replace_ntf"/>
	<oplus-feature name="oplus.software.view.spring_over_scroller"/>
	<oplus-feature name="oplus.software.radio.subway_slow_recovery"/>
	<oplus-feature name="oplus.software.activity_start_manager"/>
	<oplus-feature name="oplus.software.radio.wifi_force_rel_dual_data"/>
	<oplus-feature name="oplus.software.radio.power_save_dual_network_control"/>
	<oplus-feature name="oplus.software.radio.cybersense_residence_v2_enabled"/>
	<oplus-feature name="oplus.software.radio.ul_priority_policy_foreground"/>
	<oplus-feature name="oplus.software.radio.virtualmodem_cellinfo"/>
	<oplus-feature name="oplus.software.radio.sido_inter_cell_coop_lte_rej_15_opt"/>
	<oplus-feature name="oplus.software.radio.sido_airplane_mode_low_power_opt_v2"/>
	<oplus-feature name="oplus.software.radio.sido_ss_update_abnormal_opt"/>
	<oplus-feature name="oplus.software.radio.sido_roaming_fast_search_opt"/>
	<oplus-feature name="oplus.software.radio.enable_sido_rollback"/>
	<oplus-feature name="oplus.software.radio.sido_mmr_reg_req_stuck_opt"/>
	<oplus-feature name="oplus.software.support_blockable_animation"/>
	<oplus-feature name="oplus.software.radio.data_eval4"/>
	<oplus-feature name="oplus.software.radio.stuck_analyse"/>
	<oplus-feature name="oplus.software.radio.smart_data_eval"/>
	<oplus-feature name="oplus.software.radio.nwpower_amc_oossearch"/>
	<oplus-feature name="oplus.software.radio.nwpower_amc_lowmpss_recovery"/>
	<oplus-feature name="oplus.software.radio.nwpower_network_disable_white_list"/>
	<oplus-feature name="oplus.software.radio.enable_signal_map"/>
	<oplus-feature name="oplus.software.vibrator.kill_program_wave_support"/>
	<oplus-feature name="oplus.software.radio.nwpower_amc"/>
	<oplus-feature name="oplus.software.radio.sido_stamp_db"/>
	<oplus-feature name="oplus.software.radio.nwpower_app_network_monitor_switch_enable"/>
	<oplus-feature name="oplus.software.radio.nwpower_sys_net_control_switch_enable"/>
	<oplus-feature name="oplus.software.radio.nwpower_supprese_signal_report_enable"/>
	<oplus-feature name="oplus.software.radio.smart5g_thermal_nr_deprio"/>
	<oplus-feature name="oplus.software.radio.qoe_collaborative_center"/>
	<oplus-feature name="oplus.software.radio.cybersense_travel_enabled"/>
	<oplus-feature name="oplus.software.radio.dds_switch"/>
	<oplus-feature name="oplus.software.radio.link_evaluation"/>
	<oplus-feature name="oplus.software.radio.nwpower_amc_airplanemode"/>
	<oplus-feature name="oplus.software.radio.smart_dds_switch_in_call"/>
	<oplus-feature name="oplus.software.audio.assistant_volume_support"/>
	<oplus-feature name="oplus.software.radio.ul_priority_policy_stream"/>
	<oplus-feature name="oplus.software.radio.sched_ppq"/>
	<oplus-feature name="oplus.software.radio.ul_priority_policy_game_optimize"/>
	<oplus-feature name="oplus.software.radio.sido_intelligent_recovery"/>
	<oplus-feature name="oplus.software.radio.pcdr_portrait"/>
	<oplus-feature name="oplus.software.radio.pcdr_high_speed_move_fast_search_opt"/>
	<oplus-feature name="oplus.software.radio.qoe_network_recovery"/>
	<oplus-feature name="oplus.software.radio.smart_nw_data_low_latency"/>
	<oplus-feature name="oplus.software.support_quick_launchapp"/>
	<oplus-feature name="oplus.software.radio.sido_sim_tag_opt"/>
	<oplus-feature name="oplus.software.radio.nwpower_bg_app_net_control_switch_enable"/>
	<oplus-feature name="oplus.software.aon_pay_qrcode_enable"/>
	<oplus-feature name="oplus.software.radio.networkless_support"/>
	<oplus-feature name="oplus.software.radio.smart_game_qoe_recovery"/>
	<unavailable-oplus-feature name="oplus.software.gsa_refresh"/>
	<oplus-feature name="oplus.software.radio.car_sharing_network"/>
	<oplus-feature name="oplus.software.radio.pull_wifi_cell"/>
	<oplus-feature name="oplus.software.radio.enable_cmcc_nitz"/>
	<!-- 游戏加速 -->
    <oplus-feature name="oplus.software.game.cold.start.speedup.enable" />
    <!-- AI游戏护眼 -->
    <oplus-feature name="oplus.software.display.eyeprotect_game_support"/>
    <oplus-feature name="oplus.software.disable_landscape_blockable_animation"/>
    <!-- 显示5G -->
    <oplus-feature name="oplus.software.radio.show_5g_nr_mode"/>
    <!-- 纸质护眼 -->
    <oplus-feature name="oplus.software.display.eyeprotect_paper_texture_support"/>
    <oplus-feature name="oplus.software.support.zoom.open_wechat_mini_program"/>
    <oplus-feature name="oplus.software.support.zoom.multi_mode"/>
</oplus-config>
<!-- Timestamp 2025-04-05T16:14:19 #652509 -->
