<?xml version="1.0" encoding="UTF-8"?>
<extend_features>
	<app_feature name="com.opus.systemui.disable_qs_list" args="String:weixinpay,osie,lris"/>
	<app_feature name="com.android.launcher.gc_when_user_present" args="boolean:true"/>
	<app_feature name="com.oplus.globalcollect.enable" args="boolean:true"/>
	<app_feature name="com.android.settings.processor_detail_gen2"/>
	<app_feature name="com.android.settings.network_access_permission"/>
	<app_feature name="com.android.settings.processor_detail"/>
	<app_feature name="os.carlink.ccc.rke" args="boolean:true"/>
	<app_feature name="com.android.launcher.DISABLE_USE_NEW_LAYOUT"/>
	<app_feature name="com.oplus.mediacontroller.fluidConfig" args="String:{&quot;statusbar_enable_default&quot;:1}"/>
	<app_feature name="com.coloros.colordirectservice.cm_enable" args="boolean:true"/>
	<app_feature name="os.graphic.gallery.os15_secrecy" args="boolean:true"/>
	<app_feature name="com.oplus.mediaturbo.tencent_meeting" args="boolean:true"/>
	<!-- AI护眼 -->
    <app_feature name="com.oplus.eyeprotect.ai_intelligent_eye_protect_support"/>
    <app_feature name="com.coloros.gamespace_game_support_fourd_vibration"/>
	<!-- 显示内核版本构建时间 -->
    <app_feature name="com.android.settings.kernel_version_show_time"/>
    <!-- 设置页面显示软件版本号 -->
    <app_feature name="com.android.settings.show_software_version_in_about_device"/>
    <app_feature name="com.oplus.games.show_bypass_charging_when_gameapps" args="boolean:true"/>
</extend_features>
<!-- Timestamp 2025-04-03T14:53:29 #651709 -->
